subject,count,link
"frank b. robinson",1,"https://shawngraham.github.io/test-collectionbuilder/browse.html#frank%20b.%20robinson"
"failure",1,"https://shawngraham.github.io/test-collectionbuilder/browse.html#failure"
"success",1,"https://shawngraham.github.io/test-collectionbuilder/browse.html#success"
"material abundance",1,"https://shawngraham.github.io/test-collectionbuilder/browse.html#material%20abundance"
"american football",1,"https://shawngraham.github.io/test-collectionbuilder/browse.html#american%20football"
"poetry",1,"https://shawngraham.github.io/test-collectionbuilder/browse.html#poetry"
"forestry",1,"https://shawngraham.github.io/test-collectionbuilder/browse.html#forestry"
"fisheries management",1,"https://shawngraham.github.io/test-collectionbuilder/browse.html#fisheries%20management"
"pompeii location of skeletons",1,"https://shawngraham.github.io/test-collectionbuilder/browse.html#pompeii%20location%20of%20skeletons"
"robinson, frank b.",1,"https://shawngraham.github.io/test-collectionbuilder/browse.html#robinson,%20frank%20b."
"vandal athletics",1,"https://shawngraham.github.io/test-collectionbuilder/browse.html#vandal%20athletics"
"becker, devin",1,"https://shawngraham.github.io/test-collectionbuilder/browse.html#becker,%20devin"
"thompson, j. b.",1,"https://shawngraham.github.io/test-collectionbuilder/browse.html#thompson,%20j.%20b."
"reischel, t.s.",1,"https://shawngraham.github.io/test-collectionbuilder/browse.html#reischel,%20t.s."
"bjornn, t.c.",1,"https://shawngraham.github.io/test-collectionbuilder/browse.html#bjornn,%20t.c."
"pompeii in pictures",1,"https://shawngraham.github.io/test-collectionbuilder/browse.html#pompeii%20in%20pictures"
